image,config,n_components,n_gt_groups,n_pred_groups,port_correct_rate,fp_rate,fn_rate,group_accuracy,comp_neighbor_accuracy
C-14_D1_P1,Ours,9,5,3,0.25,0.7058823529411765,0.75,0.2,0.2222222222222222
C-14_D1_P1,Baseline,9,5,2,0.2,0.75,0.8,0.0,0.0
C-14_D1_P1,w/o_Sobel,9,5,3,0.25,0.7058823529411765,0.75,0.2,0.2222222222222222
C-14_D1_P1,w/_Skeleton,9,5,3,0.25,0.7058823529411765,0.75,0.2,0.2222222222222222
C-14_D1_P1,CCL,9,5,1,0.2,0.8095238095238095,0.8,0.0,0.0
C-19_D1_P1,Ours,16,9,8,0.23214285714285715,0.3157894736842105,0.7678571428571429,0.1111111111111111,0.3125
C-19_D1_P1,Baseline,16,9,5,0.3392857142857143,0.6833333333333333,0.6607142857142857,0.0,0.1875
C-19_D1_P1,w/o_Sobel,16,9,8,0.23214285714285715,0.3157894736842105,0.7678571428571429,0.1111111111111111,0.3125
C-19_D1_P1,w/_Skeleton,16,9,8,0.23214285714285715,0.3157894736842105,0.7678571428571429,0.1111111111111111,0.3125
C-19_D1_P1,CCL,16,9,5,0.30357142857142855,0.34615384615384615,0.6964285714285714,0.1111111111111111,0.125
C103_D1_P1,Ours,11,8,2,0.05263157894736842,0.75,0.9473684210526315,0.0,0.09090909090909091
C103_D1_P1,Baseline,11,8,3,0.10526315789473684,0.6,0.8947368421052632,0.0,0.09090909090909091
C103_D1_P1,w/o_Sobel,11,8,2,0.05263157894736842,0.75,0.9473684210526315,0.0,0.09090909090909091
C103_D1_P1,w/_Skeleton,11,8,2,0.05263157894736842,0.75,0.9473684210526315,0.0,0.09090909090909091
C103_D1_P1,CCL,11,8,2,0.05263157894736842,0.5,0.9473684210526315,0.0,0.09090909090909091
C10_D1_P1,Ours,4,4,4,1.0,0.0,0.0,1.0,0.75
C10_D1_P1,Baseline,4,4,4,1.0,0.0,0.0,1.0,0.75
C10_D1_P1,w/o_Sobel,4,4,4,1.0,0.0,0.0,1.0,0.75
C10_D1_P1,w/_Skeleton,4,4,4,1.0,0.0,0.0,1.0,0.75
C10_D1_P1,CCL,4,4,2,0.5,0.0,0.5,0.5,0.5
C10_D1_P3,Ours,4,4,4,1.0,0.0,0.0,1.0,1.0
C10_D1_P3,Baseline,4,4,3,0.75,0.4,0.25,0.5,0.25
C10_D1_P3,w/o_Sobel,4,4,4,1.0,0.0,0.0,1.0,1.0
C10_D1_P3,w/_Skeleton,4,4,4,1.0,0.0,0.0,1.0,1.0
C10_D1_P3,CCL,4,4,1,0.25,0.0,0.75,0.25,0.25
C111_D2_P3,Ours,5,4,3,0.625,0.2857142857142857,0.375,0.25,0.2
C111_D2_P3,Baseline,5,4,3,0.625,0.2857142857142857,0.375,0.25,0.2
C111_D2_P3,w/o_Sobel,5,4,3,0.625,0.2857142857142857,0.375,0.25,0.2
C111_D2_P3,w/_Skeleton,5,4,3,0.625,0.2857142857142857,0.375,0.25,0.2
C111_D2_P3,CCL,5,4,1,0.125,0.0,0.875,0.0,0.0
C11_D1_P1,Ours,5,4,3,0.375,0.4,0.625,0.5,0.4
C11_D1_P1,Baseline,5,4,4,0.5,0.3333333333333333,0.5,0.5,0.4
C11_D1_P1,w/o_Sobel,5,4,3,0.375,0.4,0.625,0.5,0.4
C11_D1_P1,w/_Skeleton,5,4,3,0.375,0.4,0.625,0.5,0.4
C11_D1_P1,CCL,5,4,0,0.0,0.0,1.0,0.0,0.0
C11_D1_P3,Ours,5,4,3,0.375,0.4,0.625,0.5,0.4
C11_D1_P3,Baseline,5,4,3,0.375,0.4,0.625,0.5,0.4
C11_D1_P3,w/o_Sobel,5,4,3,0.375,0.4,0.625,0.5,0.4
C11_D1_P3,w/_Skeleton,5,4,3,0.375,0.4,0.625,0.5,0.4
C11_D1_P3,CCL,5,4,1,0.125,0.0,0.875,0.0,0.0
C130_D1_P1,Ours,10,5,4,0.21739130434782608,0.6428571428571429,0.782608695652174,0.0,0.1
C130_D1_P1,Baseline,10,5,3,0.2608695652173913,0.6470588235294118,0.7391304347826086,0.0,0.1
C130_D1_P1,w/o_Sobel,10,5,4,0.21739130434782608,0.6428571428571429,0.782608695652174,0.0,0.1
C130_D1_P1,w/_Skeleton,10,5,4,0.21739130434782608,0.6428571428571429,0.782608695652174,0.0,0.1
C130_D1_P1,CCL,10,5,3,0.21739130434782608,0.5,0.782608695652174,0.0,0.0
C130_D2_P1,Ours,10,5,4,0.13043478260869565,0.6666666666666666,0.8695652173913043,0.0,0.0
C130_D2_P1,Baseline,10,5,3,0.13043478260869565,0.625,0.8695652173913043,0.0,0.0
C130_D2_P1,w/o_Sobel,10,5,4,0.13043478260869565,0.6666666666666666,0.8695652173913043,0.0,0.0
C130_D2_P1,w/_Skeleton,10,5,4,0.13043478260869565,0.6666666666666666,0.8695652173913043,0.0,0.0
C130_D2_P1,CCL,10,5,3,0.43478260869565216,0.4117647058823529,0.5652173913043478,0.0,0.4
C158_D1_P1,Ours,7,6,3,0.26666666666666666,0.6,0.7333333333333333,0.0,0.0
C158_D1_P1,Baseline,7,6,3,0.26666666666666666,0.42857142857142855,0.7333333333333333,0.16666666666666666,0.0
C158_D1_P1,w/o_Sobel,7,6,3,0.26666666666666666,0.6,0.7333333333333333,0.0,0.0
C158_D1_P1,w/_Skeleton,7,6,3,0.26666666666666666,0.6,0.7333333333333333,0.0,0.0
C158_D1_P1,CCL,7,6,1,0.0,1.0,1.0,0.0,0.0
C158_D2_P1,Ours,7,6,2,0.06666666666666667,0.5,0.9333333333333333,0.0,0.0
C158_D2_P1,Baseline,7,6,2,0.13333333333333333,0.7142857142857143,0.8666666666666667,0.0,0.0
C158_D2_P1,w/o_Sobel,7,6,2,0.06666666666666667,0.5,0.9333333333333333,0.0,0.0
C158_D2_P1,w/_Skeleton,7,6,2,0.06666666666666667,0.5,0.9333333333333333,0.0,0.0
C158_D2_P1,CCL,7,6,1,0.06666666666666667,0.0,0.9333333333333333,0.0,0.0
C161_D1_P1,Ours,24,15,10,0.136986301369863,0.7674418604651163,0.863013698630137,0.0,0.041666666666666664
C161_D1_P1,Baseline,24,15,7,0.1506849315068493,0.9153846153846154,0.8493150684931506,0.0,0.041666666666666664
C161_D1_P1,w/o_Sobel,24,15,10,0.136986301369863,0.7674418604651163,0.863013698630137,0.0,0.041666666666666664
C161_D1_P1,w/_Skeleton,24,15,10,0.136986301369863,0.7674418604651163,0.863013698630137,0.0,0.041666666666666664
C161_D1_P1,CCL,24,15,8,0.1780821917808219,0.675,0.821917808219178,0.0,0.041666666666666664
C16_D1_P2,Ours,6,5,3,0.5555555555555556,0.5,0.4444444444444444,0.2,0.16666666666666666
C16_D1_P2,Baseline,6,5,3,0.5555555555555556,0.2857142857142857,0.4444444444444444,0.4,0.3333333333333333
C16_D1_P2,w/o_Sobel,6,5,3,0.5555555555555556,0.5,0.4444444444444444,0.2,0.16666666666666666
C16_D1_P2,w/_Skeleton,6,5,3,0.5555555555555556,0.5,0.4444444444444444,0.2,0.16666666666666666
C16_D1_P2,CCL,6,5,1,0.3333333333333333,0.7,0.6666666666666666,0.0,0.0
C16_D1_P3,Ours,6,5,2,0.2222222222222222,0.8181818181818182,0.7777777777777778,0.0,0.0
C16_D1_P3,Baseline,6,5,2,0.3333333333333333,0.7692307692307693,0.6666666666666666,0.0,0.5
C16_D1_P3,w/o_Sobel,6,5,2,0.2222222222222222,0.8181818181818182,0.7777777777777778,0.0,0.0
C16_D1_P3,w/_Skeleton,6,5,2,0.2222222222222222,0.8181818181818182,0.7777777777777778,0.0,0.0
C16_D1_P3,CCL,6,5,1,0.1111111111111111,0.9,0.8888888888888888,0.0,0.0
C195_D1_P3,Ours,19,12,10,0.3,0.5384615384615384,0.7,0.25,0.21052631578947367
C195_D1_P3,Baseline,19,12,6,0.2833333333333333,0.8671875,0.7166666666666667,0.08333333333333333,0.0
C195_D1_P3,w/o_Sobel,19,12,10,0.3,0.5384615384615384,0.7,0.25,0.21052631578947367
C195_D1_P3,w/_Skeleton,19,12,10,0.3,0.5384615384615384,0.7,0.25,0.21052631578947367
C195_D1_P3,CCL,19,12,1,0.3,0.9347826086956522,0.7,0.0,0.0
C195_D2_P1,Ours,19,12,8,0.2,0.625,0.8,0.16666666666666666,0.05263157894736842
C195_D2_P1,Baseline,19,12,9,0.2,0.6470588235294118,0.8,0.08333333333333333,0.0
C195_D2_P1,w/o_Sobel,19,12,8,0.2,0.625,0.8,0.16666666666666666,0.05263157894736842
C195_D2_P1,w/_Skeleton,19,12,8,0.2,0.625,0.8,0.16666666666666666,0.05263157894736842
C195_D2_P1,CCL,19,12,1,0.25,0.935064935064935,0.75,0.0,0.0
C199_D1_P1,Ours,14,9,6,0.1891891891891892,0.7941176470588235,0.8108108108108109,0.1111111111111111,0.21428571428571427
C199_D1_P1,Baseline,14,9,6,0.40540540540540543,0.6153846153846154,0.5945945945945946,0.2222222222222222,0.07142857142857142
C199_D1_P1,w/o_Sobel,14,9,6,0.1891891891891892,0.7941176470588235,0.8108108108108109,0.1111111111111111,0.21428571428571427
C199_D1_P1,w/_Skeleton,14,9,6,0.1891891891891892,0.7941176470588235,0.8108108108108109,0.1111111111111111,0.21428571428571427
C199_D1_P1,CCL,14,9,5,0.24324324324324326,0.35714285714285715,0.7567567567567568,0.1111111111111111,0.0
C199_D2_P1,Ours,14,10,7,0.2631578947368421,0.5,0.7368421052631579,0.1,0.0
C199_D2_P1,Baseline,14,10,5,0.34210526315789475,0.6388888888888888,0.6578947368421053,0.1,0.14285714285714285
C199_D2_P1,w/o_Sobel,14,10,7,0.2631578947368421,0.5,0.7368421052631579,0.1,0.0
C199_D2_P1,w/_Skeleton,14,10,7,0.2631578947368421,0.5,0.7368421052631579,0.1,0.0
C199_D2_P1,CCL,14,10,1,0.3157894736842105,0.9117647058823529,0.6842105263157895,0.0,0.0
C19_D1_P2,Ours,12,5,4,0.16279069767441862,0.7741935483870968,0.8372093023255814,0.0,0.0
C19_D1_P2,Baseline,12,5,3,0.16279069767441862,0.8627450980392157,0.8372093023255814,0.0,0.0
C19_D1_P2,w/o_Sobel,12,5,4,0.16279069767441862,0.7741935483870968,0.8372093023255814,0.0,0.0
C19_D1_P2,w/_Skeleton,12,5,4,0.16279069767441862,0.7741935483870968,0.8372093023255814,0.0,0.0
C19_D1_P2,CCL,12,5,1,0.11627906976744186,0.8611111111111112,0.8837209302325582,0.0,0.0
C20_D1_P1,Ours,4,3,1,0.14285714285714285,0.6666666666666666,0.8571428571428571,0.0,0.0
C20_D1_P1,Baseline,4,3,2,0.2857142857142857,0.5,0.7142857142857143,0.0,0.0
C20_D1_P1,w/o_Sobel,4,3,1,0.14285714285714285,0.6666666666666666,0.8571428571428571,0.0,0.0
C20_D1_P1,w/_Skeleton,4,3,1,0.14285714285714285,0.6666666666666666,0.8571428571428571,0.0,0.0
C20_D1_P1,CCL,4,3,0,0.0,0.0,1.0,0.0,0.0
C22_D2_P1,Ours,10,7,2,0.2727272727272727,0.8928571428571429,0.7272727272727273,0.0,0.0
C22_D2_P1,Baseline,10,7,1,0.2727272727272727,0.8909090909090909,0.7272727272727273,0.0,0.0
C22_D2_P1,w/o_Sobel,10,7,2,0.2727272727272727,0.8928571428571429,0.7272727272727273,0.0,0.0
C22_D2_P1,w/_Skeleton,10,7,2,0.2727272727272727,0.8928571428571429,0.7272727272727273,0.0,0.0
C22_D2_P1,CCL,10,7,1,0.22727272727272727,0.8888888888888888,0.7727272727272727,0.0,0.0
C22_D2_P4,Ours,10,7,3,0.18181818181818182,0.8918918918918919,0.8181818181818182,0.0,0.0
C22_D2_P4,Baseline,10,7,1,0.2727272727272727,0.8909090909090909,0.7272727272727273,0.0,0.0
C22_D2_P4,w/o_Sobel,10,7,3,0.18181818181818182,0.8918918918918919,0.8181818181818182,0.0,0.0
C22_D2_P4,w/_Skeleton,10,7,3,0.18181818181818182,0.8918918918918919,0.8181818181818182,0.0,0.0
C22_D2_P4,CCL,10,7,1,0.2727272727272727,0.8909090909090909,0.7272727272727273,0.0,0.0
C23_D2_P1,Ours,16,8,10,0.2898550724637681,0.4444444444444444,0.7101449275362319,0.0,0.0
C23_D2_P1,Baseline,16,8,6,0.36231884057971014,0.7368421052631579,0.6376811594202898,0.0,0.0625
C23_D2_P1,w/o_Sobel,16,8,10,0.2898550724637681,0.4444444444444444,0.7101449275362319,0.0,0.0
C23_D2_P1,w/_Skeleton,16,8,10,0.2898550724637681,0.4444444444444444,0.7101449275362319,0.0,0.0
C23_D2_P1,CCL,16,8,6,0.21739130434782608,0.375,0.782608695652174,0.0,0.0
C27_D1_P1,Ours,17,11,2,0.2727272727272727,0.9130434782608695,0.7272727272727273,0.0,0.0
C27_D1_P1,Baseline,17,11,3,0.45454545454545453,0.7777777777777778,0.5454545454545454,0.0,0.0
C27_D1_P1,w/o_Sobel,17,11,2,0.2727272727272727,0.9130434782608695,0.7272727272727273,0.0,0.0
C27_D1_P1,w/_Skeleton,17,11,2,0.2727272727272727,0.9130434782608695,0.7272727272727273,0.0,0.0
C27_D1_P1,CCL,17,11,6,0.2727272727272727,0.25,0.7272727272727273,0.18181818181818182,0.17647058823529413
C27_D1_P2,Ours,17,11,1,0.4090909090909091,0.9010989010989011,0.5909090909090909,0.0,0.0
C27_D1_P2,Baseline,17,11,2,0.36363636363636365,0.6363636363636364,0.6363636363636364,0.09090909090909091,0.11764705882352941
C27_D1_P2,w/o_Sobel,17,11,1,0.4090909090909091,0.9010989010989011,0.5909090909090909,0.0,0.0
C27_D1_P2,w/_Skeleton,17,11,1,0.4090909090909091,0.9010989010989011,0.5909090909090909,0.0,0.0
C27_D1_P2,CCL,17,11,5,0.18181818181818182,0.2,0.8181818181818182,0.09090909090909091,0.11764705882352941
C2_D1_P1,Ours,11,8,4,0.5454545454545454,0.6666666666666666,0.45454545454545453,0.125,0.0
C2_D1_P1,Baseline,11,8,4,0.4090909090909091,0.6086956521739131,0.5909090909090909,0.125,0.0
C2_D1_P1,w/o_Sobel,11,8,4,0.5454545454545454,0.6666666666666666,0.45454545454545453,0.125,0.0
C2_D1_P1,w/_Skeleton,11,8,4,0.5454545454545454,0.6666666666666666,0.45454545454545453,0.125,0.0
C2_D1_P1,CCL,11,8,3,0.13636363636363635,0.0,0.8636363636363636,0.25,0.18181818181818182
C2_D1_P2,Ours,11,8,5,0.45454545454545453,0.5833333333333334,0.5454545454545454,0.125,0.09090909090909091
C2_D1_P2,Baseline,11,8,2,0.4090909090909091,0.8656716417910447,0.5909090909090909,0.0,0.0
C2_D1_P2,w/o_Sobel,11,8,5,0.45454545454545453,0.5833333333333334,0.5454545454545454,0.125,0.09090909090909091
C2_D1_P2,w/_Skeleton,11,8,5,0.45454545454545453,0.5833333333333334,0.5454545454545454,0.125,0.09090909090909091
C2_D1_P2,CCL,11,8,3,0.13636363636363635,0.0,0.8636363636363636,0.25,0.2727272727272727
C2_D2_P2,Ours,11,8,5,0.5909090909090909,0.59375,0.4090909090909091,0.25,0.09090909090909091
C2_D2_P2,Baseline,11,8,4,0.7727272727272727,0.6046511627906976,0.22727272727272727,0.25,0.09090909090909091
C2_D2_P2,w/o_Sobel,11,8,5,0.5909090909090909,0.59375,0.4090909090909091,0.25,0.09090909090909091
C2_D2_P2,w/_Skeleton,11,8,5,0.5909090909090909,0.59375,0.4090909090909091,0.25,0.09090909090909091
C2_D2_P2,CCL,11,8,4,0.13636363636363635,0.25,0.8636363636363636,0.125,0.18181818181818182
C313_D2_P1,Ours,10,6,4,0.2631578947368421,0.5454545454545454,0.7368421052631579,0.0,0.0
C313_D2_P1,Baseline,10,6,2,0.21052631578947367,0.84,0.7894736842105263,0.0,0.0
C313_D2_P1,w/o_Sobel,10,6,4,0.2631578947368421,0.5454545454545454,0.7368421052631579,0.0,0.0
C313_D2_P1,w/_Skeleton,10,6,4,0.2631578947368421,0.5454545454545454,0.7368421052631579,0.0,0.0
C313_D2_P1,CCL,10,6,3,0.2631578947368421,0.0,0.7368421052631579,0.0,0.0
C317_D1_P1,Ours,8,5,3,0.21428571428571427,0.76,0.7857142857142857,0.0,0.0
C317_D1_P1,Baseline,8,5,2,0.07142857142857142,0.8461538461538461,0.9285714285714286,0.0,0.0
C317_D1_P1,w/o_Sobel,8,5,3,0.21428571428571427,0.76,0.7857142857142857,0.0,0.0
C317_D1_P1,w/_Skeleton,8,5,3,0.21428571428571427,0.76,0.7857142857142857,0.0,0.0
C317_D1_P1,CCL,8,5,1,0.03571428571428571,0.9,0.9642857142857143,0.0,0.0
C32_D1_P1,Ours,8,7,4,0.38461538461538464,0.5,0.6153846153846154,0.2857142857142857,0.25
C32_D1_P1,Baseline,8,7,2,0.23076923076923078,0.25,0.7692307692307693,0.14285714285714285,0.25
C32_D1_P1,w/o_Sobel,8,7,4,0.38461538461538464,0.5,0.6153846153846154,0.2857142857142857,0.25
C32_D1_P1,w/_Skeleton,8,7,4,0.38461538461538464,0.5,0.6153846153846154,0.2857142857142857,0.25
C32_D1_P1,CCL,8,7,2,0.15384615384615385,0.0,0.8461538461538461,0.14285714285714285,0.0
C32_D2_P1,Ours,8,7,4,0.46153846153846156,0.5384615384615384,0.5384615384615384,0.14285714285714285,0.0
C32_D2_P1,Baseline,8,7,4,0.38461538461538464,0.5454545454545454,0.6153846153846154,0.14285714285714285,0.0
C32_D2_P1,w/o_Sobel,8,7,4,0.46153846153846156,0.5384615384615384,0.5384615384615384,0.14285714285714285,0.0
C32_D2_P1,w/_Skeleton,8,7,4,0.46153846153846156,0.5384615384615384,0.5384615384615384,0.14285714285714285,0.0
C32_D2_P1,CCL,8,7,0,0.0,0.0,1.0,0.0,0.0
C34_D2_P1,Ours,8,5,2,0.26666666666666666,0.0,0.7333333333333333,0.0,0.0
C34_D2_P1,Baseline,8,5,1,0.06666666666666667,0.0,0.9333333333333333,0.0,0.0
C34_D2_P1,w/o_Sobel,8,5,2,0.26666666666666666,0.0,0.7333333333333333,0.0,0.0
C34_D2_P1,w/_Skeleton,8,5,2,0.26666666666666666,0.0,0.7333333333333333,0.0,0.0
C34_D2_P1,CCL,8,5,1,0.06666666666666667,0.0,0.9333333333333333,0.0,0.0
C42_D1_P2,Ours,12,7,4,0.04878048780487805,0.875,0.9512195121951219,0.0,0.0
C42_D1_P2,Baseline,12,7,2,0.04878048780487805,0.9259259259259259,0.9512195121951219,0.0,0.0
C42_D1_P2,w/o_Sobel,12,7,4,0.04878048780487805,0.875,0.9512195121951219,0.0,0.0
C42_D1_P2,w/_Skeleton,12,7,4,0.04878048780487805,0.875,0.9512195121951219,0.0,0.0
C42_D1_P2,CCL,12,7,4,0.14634146341463414,0.6470588235294118,0.8536585365853658,0.14285714285714285,0.16666666666666666
C50_D1_P1,Ours,14,7,5,0.3125,0.5238095238095238,0.6875,0.0,0.0
C50_D1_P1,Baseline,14,7,5,0.3125,0.5238095238095238,0.6875,0.0,0.0
C50_D1_P1,w/o_Sobel,14,7,5,0.3125,0.5238095238095238,0.6875,0.0,0.0
C50_D1_P1,w/_Skeleton,14,7,5,0.3125,0.5238095238095238,0.6875,0.0,0.0
C50_D1_P1,CCL,14,7,5,0.25,0.1111111111111111,0.75,0.0,0.0
C60_D2_P1,Ours,8,4,2,0.0625,0.5,0.9375,0.0,0.0
C60_D2_P1,Baseline,8,4,4,0.0625,0.75,0.9375,0.0,0.0
C60_D2_P1,w/o_Sobel,8,4,2,0.0625,0.5,0.9375,0.0,0.0
C60_D2_P1,w/_Skeleton,8,4,2,0.0625,0.5,0.9375,0.0,0.0
C60_D2_P1,CCL,8,4,3,0.1875,0.4,0.8125,0.0,0.0
C79_D1_P2,Ours,8,5,5,0.07142857142857142,0.7777777777777778,0.9285714285714286,0.0,0.125
C79_D1_P2,Baseline,8,5,5,0.10714285714285714,0.75,0.8928571428571429,0.0,0.0
C79_D1_P2,w/o_Sobel,8,5,5,0.07142857142857142,0.7777777777777778,0.9285714285714286,0.0,0.125
C79_D1_P2,w/_Skeleton,8,5,5,0.07142857142857142,0.7777777777777778,0.9285714285714286,0.0,0.125
C79_D1_P2,CCL,8,5,3,0.25,0.0,0.75,0.0,0.0
C79_D2_P1,Ours,8,5,2,0.0,1.0,1.0,0.0,0.125
C79_D2_P1,Baseline,8,5,4,0.17857142857142858,0.6153846153846154,0.8214285714285714,0.2,0.125
C79_D2_P1,w/o_Sobel,8,5,2,0.0,1.0,1.0,0.0,0.125
C79_D2_P1,w/_Skeleton,8,5,2,0.0,1.0,1.0,0.0,0.125
C79_D2_P1,CCL,8,5,1,0.42857142857142855,0.7333333333333333,0.5714285714285714,0.0,0.0
C7_D2_P1,Ours,12,8,3,0.24242424242424243,0.8596491228070176,0.7575757575757576,0.0,0.0
C7_D2_P1,Baseline,12,8,2,0.24242424242424243,0.8260869565217391,0.7575757575757576,0.0,0.0
C7_D2_P1,w/o_Sobel,12,8,3,0.24242424242424243,0.8596491228070176,0.7575757575757576,0.0,0.0
C7_D2_P1,w/_Skeleton,12,8,3,0.24242424242424243,0.8596491228070176,0.7575757575757576,0.0,0.0
C7_D2_P1,CCL,12,8,2,0.2727272727272727,0.4375,0.7272727272727273,0.0,0.0
C7_D2_P2,Ours,12,8,4,0.2727272727272727,0.8125,0.7272727272727273,0.0,0.09090909090909091
C7_D2_P2,Baseline,12,8,3,0.24242424242424243,0.8297872340425532,0.7575757575757576,0.0,0.09090909090909091
C7_D2_P2,w/o_Sobel,12,8,4,0.2727272727272727,0.8125,0.7272727272727273,0.0,0.09090909090909091
C7_D2_P2,w/_Skeleton,12,8,4,0.2727272727272727,0.8125,0.7272727272727273,0.0,0.09090909090909091
C7_D2_P2,CCL,12,8,2,0.2727272727272727,0.4375,0.7272727272727273,0.0,0.0
C8_D1_P1,Ours,11,8,6,0.2,0.6470588235294118,0.8,0.25,0.0
C8_D1_P1,Baseline,11,8,5,0.13333333333333333,0.8260869565217391,0.8666666666666667,0.0,0.0
C8_D1_P1,w/o_Sobel,11,8,6,0.2,0.6470588235294118,0.8,0.25,0.0
C8_D1_P1,w/_Skeleton,11,8,6,0.2,0.6470588235294118,0.8,0.25,0.0
C8_D1_P1,CCL,11,8,1,0.03333333333333333,0.9333333333333333,0.9666666666666667,0.0,0.0
C8_D1_P2,Ours,11,8,5,0.1,0.8695652173913043,0.9,0.0,0.0
C8_D1_P2,Baseline,11,8,3,0.26666666666666666,0.9024390243902439,0.7333333333333333,0.0,0.0
C8_D1_P2,w/o_Sobel,11,8,5,0.1,0.8695652173913043,0.9,0.0,0.0
C8_D1_P2,w/_Skeleton,11,8,5,0.1,0.8695652173913043,0.9,0.0,0.0
C8_D1_P2,CCL,11,8,1,0.1,0.8928571428571429,0.9,0.0,0.0
C8_D1_P3,Ours,11,7,6,0.10344827586206896,0.8846153846153846,0.896551724137931,0.0,0.0
C8_D1_P3,Baseline,11,7,1,0.41379310344827586,0.8681318681318682,0.5862068965517241,0.0,0.0
C8_D1_P3,w/o_Sobel,11,7,6,0.10344827586206896,0.8846153846153846,0.896551724137931,0.0,0.0
C8_D1_P3,w/_Skeleton,11,7,6,0.10344827586206896,0.8846153846153846,0.896551724137931,0.0,0.0
C8_D1_P3,CCL,11,7,1,0.06896551724137931,0.9285714285714286,0.9310344827586207,0.0,0.0
C9_D1_P1,Ours,5,4,3,0.375,0.0,0.625,0.25,0.0
C9_D1_P1,Baseline,5,4,3,0.625,0.0,0.375,0.5,0.0
C9_D1_P1,w/o_Sobel,5,4,3,0.375,0.0,0.625,0.25,0.0
C9_D1_P1,w/_Skeleton,5,4,3,0.375,0.0,0.625,0.25,0.0
C9_D1_P1,CCL,5,4,3,0.375,0.0,0.625,0.25,0.0
C9_D1_P3,Ours,5,4,3,0.625,0.0,0.375,0.5,0.4
C9_D1_P3,Baseline,5,4,2,0.625,0.5454545454545454,0.375,0.25,0.0
C9_D1_P3,w/o_Sobel,5,4,3,0.625,0.0,0.375,0.5,0.4
C9_D1_P3,w/_Skeleton,5,4,3,0.625,0.0,0.375,0.5,0.4
C9_D1_P3,CCL,5,4,2,0.25,0.0,0.75,0.25,0.0
C9_D2_P2,Ours,5,4,3,0.375,0.0,0.625,0.25,0.0
C9_D2_P2,Baseline,5,4,2,0.625,0.5454545454545454,0.375,0.25,0.0
C9_D2_P2,w/o_Sobel,5,4,3,0.375,0.0,0.625,0.25,0.0
C9_D2_P2,w/_Skeleton,5,4,3,0.375,0.0,0.625,0.25,0.0
C9_D2_P2,CCL,5,4,0,0.0,0.0,1.0,0.0,0.0
